,cluster,title,category,niche,source,key_themes,recurring_topics
0,0,Issue no. 103 | February 2025,Economy and Growth,Inflation Trends,KPMG Insights,"['Business Combinations', 'Sustainability Disclosure', 'Regulatory Compliance', 'Business Combination Accounting', 'Measurement Period', 'Business Combination', 'Provisional Amount', 'Financial Reporting', 'Accounting Business Combinations', 'Measurement Period Adjustments', 'Fair Value Assessment', 'Depreciation and Goodwill', 'Sustainability Reporting', 'Material Information Disclosure', 'Financial Statement Adjustments', 'Sustainability-related Financial Disclosure', 'Materiality Judgement', 'General Purpose Financial Reporting', 'User Decision-Making']","['IFRS', 'Measurement Period', 'Acquisition Method', 'Material Information', 'Sustainability-related Risks and Opportunities', 'Sustainability-related risk and opportunity', 'Material information disclosure', 'Regulatory updates from SEBI', 'Audit committee review', 'Measurement period in business combinations', 'Acquisition Date', 'Adjustment', 'Goodwill', 'Identifiable Assets', 'Liabilities', 'Noncontrolling Interest', 'Provisional Amount', 'Asset Valuation', 'Independent Valuation', 'Financial Statements', 'INR 983 crore acquisition', 'provisional fair value', 'depreciation expense', 'goodwill adjustment', 'IFRS Sustainability Disclosure Standards', 'Entity Prospects', 'Primary User', 'Disclosure Requirements', 'Materiality Judgement', 'Primary User Decision Making', 'General Purpose Financial Report', 'Sustainability-Related Financial Disclosure', 'Information Needs of Primary Users', 'Assessment of Material Information', 'sustainability-related risk', 'IFRS standards', 'education material', 'Quantitative Factors', 'Qualitative Factors', 'Cash Flow', 'Resource Consumption', 'Return on Investment', 'Market Share', 'GHG Emissions', 'Entity-specific External Qualitative Factors', 'Geographical Location', 'Industry Sector', 'Economic State', 'judgment', 'aggregate and disaggregate information', 'materiality judgment', 'change in circumstance', 'materiality', 'information aggregation and disaggregation', 'regulatory compliance', 'secretarial compliance report', 'auditor appointment', 'related party transactions', 'public feedback', 'SEBI listing obligations', 'Secretarial Audit', 'Statutory Auditor', 'Audit Committee Approval', 'Related Party Transactions (RPT)', 'Monetary Thresholds', 'Subsidiary Financial Track Record', 'SEBI', 'Industry Standard Recognition Manual', 'Related Party Transactions (RPTs)', 'Audit Committee', 'Material RPTs', 'KPMG Assurance Consulting', 'Implementation Standards', 'Regulated Entities', 'Environmental Social Governance (ESG)', 'ESG Rating', 'Financial Statement Audits', 'Compliance Deadlines', 'Dematerialisation of Securities', 'Quality Control', 'Audit Reports', 'Noncompliance', 'Settlement Procedures', 'Asset Reconstruction Companies (ARCs)', 'Reserve Bank of India (RBI) Guidelines', 'Non-Performing Assets (NPAs)', 'Private Placement Nonconvertible Debentures (NCDs)', 'Nonbanking Financial Companies (NBFCs)', 'Housing Finance Companies (HFCs)', 'Regulatory Sandbox', 'Insurance Regulatory Development Authority of India (IRDAI)', 'Data Governance', 'Operational Efficiency', 'Artificial Intelligence (AI)', 'Machine Learning (ML)', 'AI/ML Tools Regulation', 'SEBI Guidelines', 'AIF Regulation', 'Water Pollution Control', 'Air Pollution Control', 'IFRS S1', 'IFRS S2', 'climate-related disclosure', 'transition relief', 'reporting requirements', 'business responsibility sustainability report (BRSR)', 'ESG disclosures', 'BRSR', 'Core Standard', 'Industry Standard Report', 'Regulatory Update', 'Financial Report', 'Quarterly Update', 'December 2024']"
8,-1,Food and Nutritional Security in India,India (Country),Agricultural Policy,KPMG Insights,"['Food Security', 'Public Policy', 'Nutrition', 'Sustainable Agriculture', 'Technology Innovation', 'Collaboration', 'Nutritional Security', 'Multistakeholder Approach', 'Agricultural Sustainability', 'Child Malnutrition', 'Nutritional Access', 'School Meal Programs', 'Micronutrient Fortification', 'Child Health and Development', 'Local Agriculture Support']","['Public Distribution System (PDS)', 'Malnutrition', 'Chronic Undernourishment', 'Digital Reform', 'Smallholder Farmers', 'Community Participation', 'Zero Hunger', 'Food Waste', 'India', 'Hunger', 'Undernutrition', 'Global Hunger Index', 'Food Distribution', 'Supplementary Nutrition', 'School Feeding Programs', 'Fortified Milk', 'Midday Meal Scheme', 'Ragi and Millet', 'Nutritional Education', 'Anaemia Prevention', 'Poshan Abhiyaan', 'Government Initiatives', 'School Meal Programs', 'Fortified Foods', 'Local Agriculture', 'Technology in Nutrition Tracking', 'Food Subsidy', 'Nutritional Status', 'Digitalization', 'Leakage', 'Smart Ration Card', 'Aadhaar-based Authentication', 'Food Security', 'Transportation Challenges', 'Technology Integration', 'One Nation One Ration Card (ONORC)', 'Fair Price Shops (FPS)', 'Pradhan Mantri Garib Kalyan Anna Yojana (PMGKAY)', 'Food Security Act', 'Doorstep Delivery of Ration', 'Food Grain Distribution', 'Economic Disruption', 'Migrant Workers', 'Technology Infrastructure', 'Biometric Authentication', 'Agricultural Imports', 'Food Production Targets', 'Pulse Production', 'Price Support Schemes', 'Agricultural Practices', 'Climate Change', 'Market Price Monitoring', 'Subsidies for Seeds and Fertilizers', 'High Yield Variety Seeds', 'Crop Insurance', 'public service', 'government', 'client market']"
11,-1,Financial Crime Bulletin,Risk Regulation,Financial Compliance,KPMG Insights,"['Financial Crime', 'Regulatory Initiatives', 'Technological Integration', 'Fraud Prevention', 'Compliance Frameworks']","['Anti-Money Laundering (AML)', 'Corporate Transparency Act (CTA)', 'Beneficial Ownership Information', 'Fraud Risk Management', 'Financial Institutions', 'Regulatory Compliance', 'Financial Crime Prevention', 'Corporate White-Collar Crime', 'Internal Risk Assessment', 'Due Diligence', 'Digital Payment Advancements', 'Whistleblower Policy', 'Surveillance Systems']"
12,2,KPMG global tech report â€“ industrial manufacturing insights,Technology,Industrial IoT,KPMG Insights,"['Digital Transformation', 'Operational Efficiency', 'AI Adoption', 'Workforce Upskilling', 'Cybersecurity', 'Interoperability', 'Technology Innovation', 'Value Creation', 'Risk Management', 'AI and Quantum Computing', 'Industry Insights', 'Technology Investment', 'Organizational Strategy', 'Competitive Advantage', 'Strategic Implementation', 'AI and Automation', 'Organizational Agility', 'Profitability', 'Technology Adoption', 'Tech Debt', 'Investment Strategies', 'Leadership in Technology']","['Industrial Manufacturing', 'KPMG Global Tech Report', 'Digital Maturity', 'Supply Chain', 'Procurement', 'Finance', 'Return on Investment (ROI)', 'Data Strategy', 'KPMG Global Tech Report 2024', 'Technology Professionals', 'Evidence-Based Decision Making', 'Senior Leadership', 'Generative AI', 'Quantum Computing', 'High Performers', 'Fear of Missing Out (FOMO)', 'Technology Adoption', 'Market Trends', 'XaaS', 'Cloud Computing', 'Cybersecurity', 'Data Analytics', 'Employee Feedback', 'Customer Feedback', 'Profit Increase', 'Tech Impact on Profitability', 'Digital Transformation Efforts', 'XaaS Technology', 'AI and Automation', 'Tech Debt', 'Investment in New Technology', 'Evaluation of Technology', 'Proactive Approach', 'Partnership Ecosystems', 'Value Measurement', 'Technology Investment Evaluation', 'Sustainability', 'Social Responsibility', 'Data Maturity', 'Data-Driven Decision Making', 'Customer Experience', 'AI Solutions', 'Tech Initiative Alignment', 'Tech Investment', 'Proficiency in Data Management', 'Business Growth Metrics', 'Digital Transformation', 'Performance Management', 'Cost Forecasting', 'Stakeholder Alignment', 'Data Security Governance', 'Value Tracking Metrics', 'Risk Management', 'AI Implementation', 'Data Security', 'Data Governance', 'Data Accessibility', 'Data Culture', 'Data Investment', 'Trust and Security', 'Data Integrity', 'Employee Training', 'Automation', 'Data Hygiene Audit', 'Risk Aversion', 'Business Continuity Planning', 'Employee Wellbeing', 'Productivity Improvement', 'AI Adoption', 'Workforce Anxiety', 'Trust in AI', 'Ethical Concerns', 'Employee Empowerment', 'Strategic Leadership', 'Maturity Level of AI Adoption', 'Use Cases of AI', 'Global AI Investment', 'AI Experimentation', 'Decentralized Approach', 'Centralized Approach', 'Collaboration', 'Operational Efficiency', 'Value Optimization', 'Employee Involvement', 'Data Infrastructure', 'AI Governance', 'Data Quality', 'Enterprise Alignment', 'AI Transformation', 'Ethical Use of AI', 'AI Integration', 'Skill Gap', 'Predictive Analytics', 'High-Performing Organizations', 'Employee Contribution', 'Innovation Centers of Excellence (CoEs)', 'Data-Centric Approach', 'AI Value Optimization', 'Data Management', 'Technical Debt Management', 'Collaboration and Partnerships', 'Continuous Learning', 'Technological Innovation', 'AI (Artificial Intelligence)', 'Cloud Technology', 'KPMG Services', 'Global Delivery Network']"
20,2,KPMG global tech report: Technology insights,Technology,Emerging Technologies,KPMG Insights,"['Digital Transformation', 'Strategic Investment', 'Technology Innovation', 'Risk Management', 'AI and ESG', 'Technology Adoption', 'Value Optimization', 'Evidence-Based Decision Making', 'Industry Insights', 'Technology Investment', 'Competitive Advantage', 'Profitability Improvement', 'Cloud Computing', 'Technical Debt', 'Organizational Strategy', 'Sustainability', 'Data-Driven Decision Making']","['KPMG Global Tech Report', 'Technology Sector', 'Evidence-Based Decision Making', 'Technical Debt', 'Generative AI', 'Quantum Computing', 'KPMG Global Tech Report 2024', 'AI Solutions', 'Senior Leadership Insights', 'High Performers in Tech', 'Investment Strategies', 'FOMO (Fear of Missing Out)', 'Third-Party Guidance', 'In-House Trials/Proof of Concept', 'Competitor Analysis', 'Customer Feedback', 'Senior Leadership Influence', 'XaaS Technology', 'AI Automation', 'Cybersecurity', 'Data Analytics', 'Executive Buy-in', 'Agility and Cost Reduction', 'High Performers', 'Legacy Systems', 'New Technology Investment', 'Tech Debt', 'XaaS Investment', 'Ecosystem Partnerships', 'Long-Term Goals', 'Tech Initiative Alignment', 'Customer Experience', 'Data Maturity', 'Data-Driven Decision Making', 'Technology Investment', 'Sustainability', 'Social Responsibility', 'Data Management', 'AI Confidence', 'Data Accessibility', 'Data Governance', 'Customer Feedback Utilization', 'Data Management and Integration', 'Digital Transformation', 'Performance Metrics', 'Cost Forecasting', 'Proactive Decision-Making', 'Value Tracking', 'Investment Portfolio Alignment', 'Stakeholder Consensus', 'Performance Management', 'Data Security Governance', 'Data Proficiency', 'Cybersecurity Metrics', 'Trust and Security', 'Risk Management', 'Data-Centric Culture', 'Operational Control', 'Employee Training', 'Data Security', 'Data Integrity', 'AI Adoption', 'Business Continuity Planning', 'Employee Wellbeing', 'Governance Challenges', 'Productivity Improvement', 'Workforce Anxiety', 'Decision-Making Centralization', 'Communication Breakdown', 'Creative Roles', 'Operational Structure', 'AI Use Cases', 'Value Generation', 'Maturity Level', 'Decentralized Approach', 'Workforce Engagement', 'Ethical AI', 'AI Experimentation', 'Centralized Approach', 'Democratized Experimentation', 'Cross-Functional Collaboration', 'Data Infrastructure', 'Operational Efficiency', 'Risk Mitigation', 'Return on Investment (ROI)', 'Data Quality', 'AI Governance', 'Value Optimization', 'Interoperability', 'Skill Gap', 'Business Strategy', 'AI Expertise', 'Employee Involvement', 'Innovation', 'High-Performing Organizations', 'AI and Emerging Technologies', 'Stakeholder Trust', 'Collaboration', 'Value Delivery', 'Resilient Solutions', 'Professional Advice', 'KPMG International']"
27,2,KPMG global tech report: energy insights,Energy Renewables,Sustainable Energy Solutions,KPMG Insights,"['Energy Transformation', 'Technological Innovation', 'Strategic Decision-Making', 'Risk Management', 'Technology Adoption', 'Digital Transformation', 'Evidence-Based Decision Making', 'AI Implementation', 'Industry Insights', 'Technology Investment', 'Fear of Missing Out (FOMO)', 'Competitive Advantage', 'Investment Strategy', 'Profitability Improvement', 'Cloud Computing', 'Profitability', 'Tech Debt', 'Ecosystem Partnerships', 'Data-Driven Decision Making', 'Sustainability and Social Responsibility']","['AI', 'Advanced Analytics', 'Renewable Integration', 'Cyber Threats', 'Evidence-Based Decision Making', 'KPMG Global Tech Report 2024', 'Senior Leadership', 'C-Suite Executives', 'Value Optimization', 'High Performers', 'Industry Sectors', 'AI and Technology Adoption', 'Third-Party Guidance', 'In-House Trials/Proof of Concept', 'Customer Feedback', 'Competitor Influence', 'XaaS Technology', 'Data Analytics', 'AI Automation', 'Cybersecurity', 'Executive Buy-in', 'Cost Reduction', 'Business Value', 'Tech Initiatives', 'Legacy Systems', 'XaaS Investment', 'Tech Debt', 'Long-Term Planning', 'Customer Experience', 'KPIs', 'Data Maturity', 'Tech Investment', 'Data-Driven Decision Making', 'Sustainability', 'Social Responsibility', 'Data Management', 'Value Measurement', 'Digital Transformation', 'Cost Forecasting', 'Performance Monitoring', 'Value Tracking Metrics', 'Long-term Goals', 'Tech Investment Portfolio', 'Stakeholder Consensus', 'Data Security Governance', 'Data Proficiency', 'Cybersecurity Risk', 'Data Science', 'Data Interoperability', 'Trust', 'Innovation', 'Risk Management', 'Data Security', 'Data Hygiene Audit', 'Incident Response', 'Automation', 'Employee Empowerment', 'Risk Aversion', 'AI Adoption', 'Employee Wellbeing', 'Decision-Making Centralization', 'Communication Breakdown', 'Productivity Improvement', 'Job Reductions', 'Governance Bottlenecks', 'Tech Executive Roles', 'Strategic Leadership', 'Value Generation', 'Maturity Level of AI', 'Ethical AI Framework', 'Decentralized Innovation', 'Workforce Experimentation', 'AI Experimentation', 'Centralized Approach', 'Democratized Experimentation', 'Cross-Functional Collaboration', 'AI Center of Excellence', 'Operational Efficiency', 'Risk Mitigation', 'Return on Investment (ROI)', 'Data Infrastructure', 'AI Governance', 'Data Quality', 'AI Transformation', 'Interoperability', 'Business Strategy', 'Stakeholder Engagement', 'Ethical AI Use', 'Training and Upskilling', 'AI in Performance Measurement', 'Skill Gap Addressing', 'High-Performing Organizations', 'Sustainable Value', 'Technical Debt', 'AI Proficiency', 'Trust and Security', 'Performance Management', 'Collaboration', 'Technology Solutions', 'Data and AI', 'Cloud Risk', 'Resilient Solutions']"
34,2,KPMG global tech report 2024,Technology,Emerging Technologies,KPMG Insights,"['Tech Innovation', 'Strategic Decision-Making', 'Value Creation', 'Risk Management', 'Business Transformation', 'Digital Transformation', 'AI Implementation', 'Value Optimization', 'Industry Insights', 'Leadership in Technology', 'Technology Investment', 'Fear of Missing Out (FOMO)', 'Technology Adoption', 'Profitability Improvement', 'Strategic Investment', 'Cloud Computing', 'Tech Debt', 'Profitability Enhancement', 'Organizational Strategy', 'Sustainability', 'Decision-Making']","['Evidence-Based Decision Making', 'AI Technology', 'Technical Debt', 'Organizational Challenges', 'Leadership in Technology', 'KPMG Global Tech Report 2024', 'High Performers in Technology', 'Senior Leadership Insights', 'Industry Sectors', 'Competitor Influence', 'Third-Party Guidance', 'In-House Trials/Proof of Concept', 'Customer Feedback', 'Return on Investment', 'XaaS', 'AI Automation', 'Cybersecurity', 'Data Analytics', 'Executive Buy-in', 'Agility', 'Cost Reduction', 'Tech Initiatives', 'Profitability', 'High Performers vs. Nonleaders', 'Investment in New Technology', 'Legacy Systems', 'Tech Debt', 'Ecosystem Partnerships', 'Long-Term Goals', 'Customer Experience', 'Metrics', 'Data Maturity', 'Tech Investment', 'Data-Driven Decision Making', 'Sustainability', 'Social Responsibility', 'Data Management', 'Data Interoperability', 'Data Security', 'Data Governance', 'Data Culture', 'Data Science', 'Data Proficiency', 'Cloud Platform', 'XaaS Technology', 'Customer Satisfaction', 'Digital Transformation', 'Cost Forecasting', 'Performance Metrics', 'Tech Investment Portfolio', 'Stakeholder Alignment', 'Performance Management', 'Cybersecurity Metrics', 'Data Security Governance', 'Trust and Reputation', 'Data Accessibility', 'Data-Centric Culture', 'Risk Management', 'AI Optimization', 'Employee Training', 'Business Continuity Plan', 'Incident Response', 'Data Hygiene Audit', 'AI Adoption', 'Data Ownership Framework', 'Employee Empowerment', 'Market Response', 'Product Offering Adaptation', 'Communication Breakdown', 'Governance Challenges', 'Workforce Anxiety', 'Knowledge Worker Productivity', 'AI Use Cases', 'Organizational Maturity', 'Value Generation', 'Ethical AI', 'Decentralized Innovation', 'Workforce Experimentation', 'AI Experimentation', 'Top-Down Approach', 'Centralized Approach', 'Democratized Experimentation', 'Cross-Functional Collaboration', 'Operational Efficiency', 'Return on Investment (ROI)', 'Data Infrastructure', 'Data Flow Sovereignty', 'AI Governance', 'Generative AI Risks', 'AI Transformation', 'Data Quality and Integrity', 'Interoperability', 'Budget Allocation for AI', 'Upskilling Teams', 'Predictive Analytics', 'High-Performing Organizations', 'Value Optimization', 'AI and Emerging Technologies', 'Value Delivery', 'Stakeholder Trust', 'Collaboration', 'AI Solutions', 'Partnerships', 'Resilient Solutions', 'Expanded Product Offering']"
41,3,Quality measures and standards for transitioning to value-based healthcare in India,Healthcare,Value-Based Care,PWC Insights,"['Value-Based Healthcare (VBHC)', 'Quality Measurement Standards', 'Healthcare System Transformation', 'Patient-Centered Care', 'Cost Efficiency', 'Value-Based Healthcare', 'Healthcare Accessibility', 'Technological Innovation', 'Healthcare Quality Standards', 'Government Policy and Regulation', 'Healthcare Infrastructure', 'Government Initiatives', 'Patient Outcomes', 'Healthcare Innovation', 'Regulatory Evolution', 'Healthcare Cost Management', 'Quality Metrics and Performance Incentives', 'Integrated Care Systems', 'Quality Improvement in Healthcare', 'Patient Experience and Outcomes', 'International Healthcare Standards', 'Cost Management', 'Healthcare Access', 'Quality Improvement', 'Data Utilization', 'Chronic Disease Management', 'Preventive Care', 'Cost-Effectiveness', 'Data Analytics in Healthcare', 'Patient-Centric Care', 'Health Equity']","['Patient Outcomes', 'Healthcare Costs', 'Healthcare Delivery', 'Incentives for Providers', 'Chronic Disease Management', 'Telemedicine', 'Data-Driven Solutions', 'Medical Education', 'Affordable Medicine', 'Healthcare Delivery Models', 'Patient Experience', 'Outcome-Based Payment', 'Integrated Care Delivery', 'Government Investment', 'Patient-Centered Care', 'Healthcare Provider Incentives', 'Quality Metrics', 'Cost Reduction', 'Technological Advancements', 'ACA (Affordable Care Act)', 'Hospital Readmission Reduction', 'Payment Models (FFS', 'PMPM', 'Capitation)', 'Preventive Care', 'NHS (National Health Service) UK', 'Quality Outcomes Framework', 'Quality Measures', 'Clinical Competence', 'Standardized Measurement Tools', 'Knee Replacement Surgery', 'Risk Sharing Agreements', 'Cost Awareness', 'Capitation Model', 'Health Outcomes', 'Service Providers', 'Out-of-Pocket Expenses (OOPE)', 'Insurance Coverage', 'Non-Communicable Diseases (NCDs)', 'PM-JAY', 'Healthcare Outcomes', 'Socioeconomic Stratum', 'Financial Protection', 'Value-Based Healthcare (VBHC)', 'Healthcare Access', 'Data Analytics Capability', 'Electronic Medical Records', 'Government Policy', 'Quality Healthcare Services', 'Patient Engagement', 'Quality Assurance', 'Provider Payment System', 'Digital Health Infrastructure', 'Public-Private Partnership (PPP)', 'Performance Monitoring', 'Maternal and Child Health Services', 'Non-Transmissible Diseases', 'Financial Incentives', 'Patient-Centric Care', 'Quality Measure', 'Patient Health Outcome', 'Adherence to Clinical Guidelines', 'Patient Safety Indicator', 'Healthcare Spending', 'Cost per Outcome', 'Readmission Rate', 'Care Transition', 'Symptom Management', 'Pain Management Protocols', 'Healthcare Cost Reduction', 'Quality Benchmarks', 'Key Performance Indicators (KPIs)', 'Health Financing Initiatives', 'Patient Safety', 'Healthcare Accessibility', 'Cost-Efficient Health Technology', 'Infection Control', 'Value-Based Care', 'Patient Feedback', 'Cleanliness and Hygiene', 'Monitoring and Reporting Systems', 'Patient Satisfaction', 'Communication', 'Provider Performance', 'Reimbursement', 'Healthcare Coordination', 'Care Efficiency', 'Length of Stay (LOS)', 'Infection Rates', 'Cost Implications', 'Quality Indicators', 'Digital Integration', 'Avoidable Pathology', 'Prescription Audits', 'Technology Integration', 'Mortality Rate', 'Healthcare Provider', 'Risk-Sharing Mechanism', 'Data Sharing', 'Telehealth', 'Wearable Devices', 'Healthcare Delivery Performance', 'Healthcare Data Management', 'Technology in Healthcare', 'Clinical Decision Support Systems', 'Remote Healthcare Access', 'Financial Performance in Healthcare', 'Data Analytics', 'Electronic Health Records (EHR)', 'Data Integration Platform', 'Interoperability', 'Patient-Generated Data', 'Healthcare Metrics', 'Operational Efficiency', 'Data Governance', 'Cloud-Based Data Lakes/Warehouses', 'Data Storage and Processing', 'Data Anonymization and De-identification', 'Enterprise Data Lake', 'Healthcare Quality Metrics', 'Awareness and Adoption Challenges', 'Electronic Medical Records (EMR) Systems', 'Stakeholder Engagement', 'Healthcare Quality Indicators', 'Data Availability', 'Cost-Benefit Analysis', 'Provider Resistance', 'Performance Data', 'Investment in Quality Care', 'Digital Health Standards', 'Quality Assessment', 'Healthcare Provider Accreditation', 'Digital Health Technology', 'Incentivized Reimbursement Mechanism', 'Outcome Data Measurement', 'Healthcare Access in Rural Areas', 'Investment in Healthcare Infrastructure', 'Emergency Room Visits', 'Electronic Health Records (EHRs)', 'AI-Enabled Diagnostics', 'Health Data Framework', 'Government Support', 'Healthcare Technology', 'Data Sharing and Communication Networks', 'Training Programs for Healthcare Providers', 'Quality of Care', 'Government Funding and Regulation', 'Value-Based Healthcare', 'Healthcare Improvement', 'Health Information Exchange', 'National Accreditation', 'Public-Private Partnership', 'Machine Learning', 'Non-Communicable Diseases', 'Patient-Centered Medical Home', 'Revenue Cycle Management', 'private limited', 'right reserve', 'kamarch', '2025', 'mc 44272']"
51,5,The mutual funds route to Viksit Bharat @2047,Economy and Growth,Investment Strategies,PWC Insights,"['Financial Inclusion', 'Investor Empowerment', 'Mutual Fund Industry Growth', 'Technological Integration', 'Financial Literacy', 'Mutual Fund Growth', 'Investment Culture', 'Economic Development', 'Financial Empowerment', 'Digital Transformation', 'Cultural Integration', 'Investor Inclusion', 'Technology Integration', 'Community Engagement', 'Investment Accessibility', 'Cultural Alignment', 'Economic Transformation', 'Investment Choices', 'Mutual Fund Industry', 'Regulatory Evolution', 'Mutual Fund Market Development', 'Investor Education', 'Regulatory Framework', 'Private Sector Innovation', 'Growth of Mutual Funds', 'Investor Participation', 'Regulatory Reforms', 'Technological Advancements', 'Market Volatility', 'Accessibility of Financial Products', 'Regulatory Challenges', 'Investment Confidence', 'Systematic Investment Plans (SIPs)', 'Digital Transformation in Finance', 'Personalized Financial Planning', 'Cost Efficiency in Investments', 'Investor Education and Awareness', 'Regulatory Compliance', 'Cost Efficiency', 'Sustainable Investing', 'Investor Protection', 'Market Accessibility']","['Mutual Fund Participation', 'Democratization of Financial Wellbeing', 'Trust Building', 'Accessibility and Inclusivity', 'Economic Resilience', 'AUM (Assets Under Management)', 'Unique Customers', 'Systematic Investment Plans (SIPs)', 'Retail Mutual Fund Penetration', 'Financial Wellbeing', 'Viksit Bharat 2047', 'AUM Growth', 'SIP Inflows', 'Investor Journey', 'Transparency', 'Community Engagement', 'Local Leadership', 'Education Programs', 'Behavioral Transformation', 'Investment Products', 'Mutual Funds', 'Investment Options', 'Economic Reforms', 'Household Savings', 'Inflation', 'Regulatory Oversight', 'Investor Participation', 'Regulatory Measures', 'Mutual Fund Literacy', 'Retail Participation', 'Democratization of Investment', 'Investor Education', 'Market Growth Rates', 'Casual Investors', 'Financial Literacy', 'Public Provident Fund (PPF)', 'Distribution Deficit', 'Market Risk', 'Investment Costs', 'mutual fund', 'SIP', 'digital platform', 'investor', 'financial goal', 'passive fund', 'investment advisor (RIA)', 'tier 2 and tier 3 cities', 'RTAs (Registrar and Transfer Agents)', 'AMCs (Asset Management Companies)', 'Investor Onboarding', 'SIP (Systematic Investment Plan)', 'Debt Funds', 'Distributor Network', 'Campaigns for Awareness', 'ESG Disclosure', 'Mutual Fund Industry Growth', 'Regulatory Intervention', 'Investor Awareness', 'Digital Transformation', 'Mutual Fund Industry', 'Investor Protection', 'Financial Inclusion', 'Technological Intervention', 'Digital Payment', 'Emergency Preparedness', 'Financial Stability', 'Emergency Fund', 'Financial Independence', 'Household Spending', 'Financial Resilience', 'Discretionary Expenses', 'Tax Planning', 'Healthcare Costs', 'Discretionary Spending', 'Financial Flexibility', 'Emergency Funds', 'Retirement Planning', 'Living Costs', 'Investment Planning', 'Socioeconomic Diversity', 'Digital Transactions', 'Accessibility', 'Investment Accessibility', 'Wealth Creation', 'Financial Security', 'Affordability', 'Long-term Wealth Building', 'Investor-Centric Approach', 'Diverse Financial Goals', 'Mutual Fund Investment', 'Onboarding Process', 'Personalized Investment Options', 'Cultural and Economic Nuances', 'Diverse Financial Mindset', 'Community-driven Decision Making', 'Simplicity', 'Financial Accessibility', 'Inclusiveness', 'Investment Mindset', 'User-Centric Design', 'Vernacular Support', 'Last-Mile Connectivity', 'Cognitive Overload', 'Simplified Language', 'Offline Integration', 'Personalized User Experience', 'Data Analytics', 'AI Tailoring', 'Behavioral Nudges', 'Collaborative Support', 'User Feedback', 'Product Innovation', 'User Experience', 'Cultural Diversity', 'Investment Strategy', 'Regulatory Guidelines', 'Cultural Preservation', 'Investment Vehicle', 'Community-Based Microinvestment', 'Financial Growth', 'Social Impact Bonds', 'Sustainable Infrastructure Development', 'Technology-Driven Investment', 'Digital Asset Platforms', 'Cultural Transformation', 'Local Language', 'Ethnographic Research', 'Investor Behavior Analytics', 'Digital Connectivity', 'Regional Dietary Practices', 'Visually Impaired Individuals', 'Gig Workers', 'Freelancers', 'Inclusive Financial Products', 'Community Outreach', 'Tax Compliance', 'Audio and Braille Resources', 'Inclusive Product Structure', 'Accessibility Features', 'Visually Impaired', 'Behavioral Mindset Change', 'Digital Investment Platforms', 'Investment Behavior', 'Financial Participation', 'Generational Financial Trauma', 'Cultural Narrative', 'Trust', 'Psychological Barriers', 'Emotional Intelligence', 'Early Investment Education', 'Investment Culture', 'Behavioral Science', 'Personalized Financial Communication', 'Cognitive Bias', 'Digital Platforms', 'Hyperlocal guidance', 'Financial touchpoints', 'Community network', 'Digital onboarding', 'Local advisors', 'Scalable model', 'Integration of physical and digital networks', 'Mutual Fund Adoption', 'Regulatory Framework', 'Local Engagement', 'Technology Integration', 'Distribution Strategy', 'Cultural Sensitivity', 'Education and Training', 'Trust and Long-term Engagement', 'Transparency and Disclosure', 'Regulatory Policy', 'ESG Integration', 'Digitalization and Automation', 'Investor-Centric Design', 'Research and Insights', 'Vernacular Campaigns', 'Operational Framework', 'Financial Empowerment', 'Inclusivity and Accessibility', 'Economic Growth', 'Retail Investor', 'Inclusivity', 'Capital Market Mobilization', 'Mutual Fund Penetration', 'Unique Mutual Fund Investors', 'Average AUM per Retail Investor', 'Distribution Network Expansion', 'Investor Base Growth', 'Digital Infrastructure', 'Regulatory Support', 'Investment in Tier 2 and Tier 3 Cities', 'Stakeholder Collaboration', 'Education', 'Innovation', 'Empowerment']"
64,5,Financial health: Transcending from access to impact,Economy and Growth,Financial Inclusion,PWC Insights,"['Financial Inclusion', 'Economic Growth', 'Financial Health', 'Digital Innovation', 'Poverty Reduction', 'Customer Segmentation', 'Behavioral Insights', 'Data-Driven Solutions', 'Digital Infrastructure', 'Policy Initiatives', 'Economic Stability', 'Debt Management', 'Investment', 'Financial Awareness', 'Access to Financial Services', 'Impact Measurement', 'Financial Wellbeing']","['Pradhan Mantri Jan Dhan Yojana (PMJDY)', 'Aadhaar', 'Digital Wallets', 'Direct Benefit Transfer', 'Retail Investors', 'Financial Ecosystem', 'Income Volatility', 'Debt Management', 'Low-Income Households', 'Financial Service Providers', 'Impact Measurement', 'Policy Intervention', 'Market-Linked Investments', 'PMJDY', 'Digital Lending', 'Financial Service Access', 'Rural Population', 'Risk Management', 'Financial Access', 'Credit Score', 'Income Stability', 'Occupation', 'Wealth Level', 'Financial Products', 'Access Metrics', 'Usage Metrics', 'Impact Metrics', 'Pradhan Mantri Jeevan Jyoti Bima Yojana (PMJJBY)', 'Jan Dhan Accounts', 'Financial Health Survey', 'Financial Wellbeing', 'Financial Inclusion', 'PMJDY Accounts', 'Diagnostic Tools', 'Household Socio-Demographic Features', 'Financial Health', 'Household Financial Behavior', 'Investment Preferences', 'Market-linked Instruments', 'Equity Mutual Funds', 'Insurance Products', 'Pension Products', 'Credit Penetration', 'Alternative Investments', 'Digitalization', 'Investment Fund', 'Capital Market', 'Financial Services', 'Consumer Spending', 'Personal Debt', 'Financial Stability', 'Financial Resilience', 'Infrastructure Investment', 'Financial Planning', 'Customer Needs', 'Market Insight', 'Bharat Segment', 'Formal Finance', 'Customer Segmentation', 'Thematic ESG Investment', 'Hybrid Insurance Products', 'Dynamic Risk-Based Lending', 'Digital-First Plans', 'Market Penetration', 'Hyper-Personalization', 'Investment Strategy', 'Customer Education', 'Savings Products', 'Microloans', 'Collaboration with Fintech', 'Personalized Financial Solutions', 'Behavioral Finance', 'Strategic Partnerships', 'Automated Savings', 'Credit Accessibility', 'Customer Persona Segmentation', 'Predictive Financial Health Score', 'Real-time Personalised Financial Advisory', 'Customer Engagement', 'Product Development', 'Data Analytics', 'Financial Empowerment', 'Economic Growth', 'Sustainable Development', 'socio-economic growth', 'policy making', 'empowerment', 'education', 'healthcare', 'sustainability', 'Dvara Research', 'PwC', 'PwC India', 'Leadership', 'Technology', 'Advisory']"
69,1,Towards a climate-resilient future: Strategies for the Andaman and Nicobar Islands,ESG,Climate Adaptation Strategies,PWC Insights,"['Climate Resilience', 'Sustainable Development', 'Community Engagement', 'Climate Financing', 'Carbon Credit Mechanisms', 'Ecological Vulnerability', 'Economic Development', 'Climate Change Impact', 'Land Use and Land Cover Change', 'Resilience and Vulnerability', 'Green Finance', 'Biodiversity Conservation', 'Infrastructure Development', 'Geopolitical Significance', 'Ecosystem Preservation', 'Socioeconomic Equity', 'Climate Change Mitigation and Adaptation', 'Climate Change', 'Land Use and Land Cover (LULC)', 'Ecosystem Restoration', 'Disaster Impact and Recovery', 'Land Use Change', 'Agricultural Practices', 'Environmental Sustainability', 'Forest Cover', 'Water Bodies', 'Biodiversity Loss', 'Sustainable Management', 'Impact on Small Island Ecosystems', 'Adaptation and Resilience Strategies', 'Coastal Vulnerability', 'Environmental Impact', 'Temperature and Precipitation Changes', 'Natural Disasters', 'Community Resilience', 'Land Use Management']","['Andaman Nicobar Islands', 'Climate Change Impact', 'Comprehensive Action Plan', 'Viable Climate Solutions', 'Green Finance Options', 'Vulnerable Subdistricts', 'Climate Change', 'Carbon Credits', 'Vulnerability Indices', 'Clean Cookstoves', 'Mangrove Restoration', 'Climate Action Plan', 'Decentralized Renewable Energy', 'Clean Cookstove', 'Carbon Market', 'Agroforestry', 'Vulnerability Assessment', 'Climate Resilience', 'Andaman and Nicobar Islands', 'Natural Resources', 'Anthropogenic Threats', 'Economic Transformation', 'Biodiversity', 'Infrastructure Projects', 'Climate Resilient Strategy', 'Greenhouse Gas Mitigation', 'Adaptation Options', 'Socioeconomic Inequity', 'Stakeholder Consultation', 'Climate Solutions', 'Urbanization', 'Agricultural Land', 'Extreme Weather Events', 'Coastal Wetlands', 'Tsunami Impact', 'Evergreen Semi-Evergreen Woodland', 'Degraded Woodland', 'Kharif Crop', 'Annual Crop', 'Water Bodies', 'Mangrove', 'Wasteland', 'Built-up Area', 'Mangrove Loss', 'Deforestation', 'Coastal Protection', 'Ecological Balance', 'Satellite Imagery Analysis', 'Temperature Increase', 'Rainfall Variability', 'Sea Level Rise', 'Monsoon Patterns', 'Vulnerable Populations', 'Agriculture and Climate Sensitivity', 'Minimum and Maximum Temperature', 'Annual Rainfall', 'Cyclone Risk', 'Coastal Erosion', 'Saltwater Intrusion', 'Agricultural Productivity', 'Nature-based sectors', 'Agriculture', 'Fishery', 'Water Resources', 'Mangrove Ecosystems', 'Geospatial Analysis', 'Soil Degradation', 'Erosion', 'Salinity Changes', 'Carbon Emission Reduction', 'Coastal Marine Ecosystems', 'Water Availability', 'Salinity Distribution', 'Adaptation Strategies', 'Socioeconomic Factors', 'Biophysical Factors', 'socioeconomic vulnerability', 'climate impact', 'adaptation measures', 'household structure', 'education', 'income', 'housing quality', 'disability', 'illiteracy', 'access to basic services', 'Vulnerability Index', 'Biophysical Vulnerability', 'Mangrove Degradation', 'Access to Amenities', 'Economic Instability', 'Kutcha Houses', 'Extreme Events', 'Land Use Change', 'Land Use Land Cover (LULC) Change', 'Biodiversity Loss', 'Climate Variability', 'Cyclone Exposure', 'Composite Vulnerability Index (CVI)', 'Socioeconomic Vulnerability Index (SEVI)', 'Biophysical Vulnerability Index (BPVI)', 'Climate Adaptation', 'Ecosystem Restoration', 'Subdistricts', 'Resource Allocation', 'Vulnerability', 'Socioeconomic Status', 'Population Demographics', 'Illiteracy Rates', 'Scheduled Castes and Scheduled Tribes (SC/ST)', 'Economic Participation', 'Income Levels', 'Manual Casual Labour', 'Household Income', 'Cooking Fuel Sources', 'Access to Electricity', 'Water Source', 'Sanitation Facilities', 'Road Infrastructure', 'Education Facilities', 'Village School Availability', 'Healthcare Access', 'Adaptation and Mitigation Measures', 'Renewable Energy', 'Soil Health', 'Carbon Sequestration', 'Mangrove Conservation', 'Economic Stability', 'Biochar', 'Climate Change Mitigation', 'Coconut Husk', 'Green Finance', 'Economic Development', 'Air Quality Improvement', 'Sustainable Practices', 'Sustainability', 'Investment', 'Emission Reduction', 'Environmental Projects', 'Feasibility Assessment', 'Afforestation', 'Reforestation', 'Wetland Restoration', 'Biochar Utilization', 'Energy Efficiency', 'Cookstoves', 'Sequestration', 'Project Design', 'Applicability Conditions', 'Cookstove Technology', 'Sustainable Management of Mangroves', 'Emission Reductions (ER)', 'Household Energy Sources', 'Diesel and Kerosene Replacement', 'Annual Revenue Estimates', 'Household Numbers', 'Carbon Emissions Reduction', 'Emission Reduction Estimates', 'Global Carbon Storage', 'Carbon Credit Assessment', 'Sustainable Energy Solutions', 'Carbon Financing', 'SDG Alignment', 'Indoor Air Pollution', 'Climate Action', 'Sustainable Development Goals (SDGs)', 'Energy Access', 'Community Engagement', 'Economic Benefits', 'Funding Mechanisms', 'Socioeconomic Development', 'Project Implementation', 'Biochar Production', 'Green Finance Instrument', 'Compliance', 'Carbon Credit', 'Investment Process', 'Market Stability', 'Financial Return', 'Social Environmental Impact', 'Scalability', 'Cost Associated with Carbon Market', 'Account Opening Fee', 'Account Maintenance Fee', 'Pipeline Listing Request Fee', 'Project Registration Request Fee', 'GHG Credit', 'Certification Fees', 'Third-Party Certification Body', 'Voluntary Emission Reduction Charge', 'Land Use Forestry Carbon Fee', 'Climate Energy', 'Consulting', 'PwC India Foundation', 'Professional Advice', 'Liability']"
82,4,The retail reinvention paradigm,Transformation,Retail Technology,PWC Insights,"['Retail Reinvention', 'E-commerce Growth', 'Consumer Engagement', 'Channel Strategy', 'Market Dynamics', 'Consumer Behavior', 'Omnichannel Shopping', 'Quick Commerce', 'Omnichannel Retail Integration', 'Jevons Paradox', 'Omnichannel Retail', 'Digital Transformation', 'Retail Ecosystem', 'Offline vs Online Shopping', 'Retail Experience Enhancement', 'Technology Integration in Retail', 'Omnichannel Retailing', 'Q-commerce', 'Retail Disruption', 'Data Analytics', 'Ecommerce Evolution', 'Qcommerce', 'Retail Adaptation']","['Tier 2 and Tier 3 Cities', 'Brick-and-Mortar Retail', 'Quick Commerce', 'Digital Commerce', 'Consumer Utility', 'Retail Disruption', 'Customer Expectations', 'Digital Wave', 'Product Availability', 'Delivery Options', 'Market Growth Metrics', 'Ecommerce', 'Traditional Retailers', 'Consumer Experience', 'Survey Insights', 'Metro and Tier Cities', 'Online Shopping', 'Offline Shopping', 'Hybrid Approach', 'Consumer Preferences', 'Apparel and Beauty Categories', 'In-store shopping experience', 'Technology use in retail', 'Personalization', 'Immersive retail', 'Metro city shopping trends', 'Consumer Data', 'In-store Merchandise Optimization', 'Sales Decline', 'Kirana Stores', 'Delivery Costs', 'Metro vs. Non-Metro Retailers', 'Quick Delivery', 'Consumer Preference', 'Dark Stores', 'Convenience', 'Product Variety', 'Qcommerce', 'Consumer Expectations', 'Ecommerce Growth', 'Impulse Purchases', 'Tier 1 Cities', 'Customer Experience', 'Ecommerce Threats and Opportunities', 'Sales Impact', 'Customer Service', 'Product Awareness', 'Deep Discounts', 'Retailer Perception', 'Home Delivery', 'Customer Relationship Management (CRM)', 'Traditional Retailer Adaptation', 'Customer Engagement Strategies', 'Financial Support and Loans', 'E-commerce Competition', 'Technology Access', 'Digital Tools', 'Retailer Awareness', 'Customer Preferences', 'Data-Driven Analytics', 'Competitive Pricing', 'Consumer Priorities', 'After-Sales Service', 'Return Policies', 'Retailer Support', 'Government Intervention', 'Traditional Retail', 'Omnichannel Experience', 'Retailer Adaptation', 'Influencer Culture', 'Hyperlocal Delivery', 'Inventory Management', 'Operational Friction', 'Digital Transformation', 'Retail Reinvention', 'Technology Integration', 'Ecommerce Competition', 'Market Trends', 'Ecommerce Integration', 'Retail Agility', 'Digital Platforms', 'Supply Chain Efficiency', 'Customer Engagement', 'Online Sales', 'Offline Stores', 'Consumer Engagement', 'Digital Shopping Experience', 'Retail Technology', 'Product Discoverability', 'Direct-to-Consumer (D2C)', 'Hybrid Retail Model', 'ONDC (Open Network for Digital Commerce)', 'Omnichannel Retail Strategy', 'Q-commerce', 'Consumer Behavior', 'Brick-and-Mortar Stores', 'Product Assortment', 'Operational Costs', 'Consumer Cohort', 'Channel', 'Value for Money', 'Brand Advocacy', 'Consumer Influence', 'Retail Channel', 'Engagement', 'Utility Profile', 'Socioeconomic Classification', 'Consumer Cohorts', 'Income Groups', 'Online Channel Utility', 'Offline Channel Utility', 'Premium Chocolate Consumption', 'Consumer Behavior Evolution', 'Retail Landscape', 'Online Shopping Behavior', 'City Tier Classification', 'Retailer and Consumer Surveys', 'Demographics', 'Kirana Club', 'Professional Advice', 'Liability', 'Responsibility', 'Publication', 'Decision Making']"
90,-1,PwC India's Financial Services (FS) Risk Symposium: Ministry of Finance keynote session - February 2025,Risk Regulation,Financial Risk Management,PWC Insights,"['Cybersecurity Challenges', 'Regulatory Compliance', 'Financial Services Risk Management', 'Data Protection']","['KYC (Know Your Customer)', 'AML (Anti-Money Laundering)', 'Geopolitical Risks', 'Crypto Exchange Vulnerabilities', 'National Risk Assessment (NRA)', 'Cybersecurity', 'Incident Response', 'Geopolitical Risk', 'Regulatory Compliance', 'Client Due Diligence', 'Know Your Customer (KYC) Procedures', 'Risk Management']"
91,6,How India spends: A deep dive into consumer spending behaviour,Economy and Growth,Consumer Behavior,PWC Insights,"['Consumer Spending Behavior', 'Economic Growth', 'Digital Infrastructure', 'Investment Opportunities', 'Middle Class Expansion', 'Digital Payment Adoption', ""Financial Institutions' Strategies"", 'Economic Factors Influencing Consumption', 'E-commerce Growth', 'Fintech Solutions', 'Psychological Factors in Consumption', 'Government Regulation', 'Payment Modes', 'Digital Payment Methods', 'Income Segmentation', 'Financial Inclusion', 'Expenditure Patterns', 'Consumer Engagement', 'Financial Services Innovation', 'Investment Trends', 'Digital Payment Solutions', 'Healthcare Financing', 'Consumer Behavior', 'Digital Accessibility', 'Financial Data Analysis', 'Geographic Segmentation', 'Payment Instruments', 'Economic Factors', 'Inflation Impact', 'Employment Trends', 'Digital Commerce', 'Government Policy and Regulation', 'Income Distribution', 'Obligatory vs Discretionary Expenses', 'Loan Repayment', 'Income Levels', 'Loan Repayment Trends', 'Income and Expenditure Patterns', 'Access to Credit', 'Discretionary Spending', 'Income Disparity', 'Lifestyle Purchases', 'Fashion and Lifestyle Purchases', 'City Tier Influence on Spending']","['India', 'Consumer Market', 'Transactional Data', 'Financial Institutions', 'Spending Patterns', 'UPI as a payment method', 'Credit products', 'Income levels', 'Rural market expansion', 'Consumer aspirations', 'Transaction-level data analysis', 'Obligatory Expenses', 'Discretionary Expenses', 'Necessity Expenses', 'Credit Card Usage', 'Digital Payment Modes', 'Investment Avenues', 'UPI (Unified Payments Interface)', 'Obligatory Expenditures', 'Discretionary Expenditures', 'Medical Expenses', 'Entry-Level Earners', 'Tier 2 Cities', 'BNPL (Buy Now Pay Later)', 'Loan Products', 'Customer Engagement', 'Payment Systems', 'Investment Options', 'Cashback Programs', 'Healthcare Partnerships', 'Consumer Spending Behavior', 'Household Consumption', 'Smartphone Accessibility', 'Internet Access', 'Urbanization', 'Debt Accumulation', 'Financial Assets', 'Middle Class Growth', 'Income Level', 'Geographic Location', 'Transaction Categories', 'Payment Modes', 'Consumer Segmentation', 'Salary Buckets', 'Discretionary Spending', 'Employment Rate', 'Inflation Rate', ""India's Economic Indicators"", 'Consumer Spending Patterns', 'Inflation', 'E-commerce Growth', 'Government Regulations', 'Brand Loyalty', 'Income Brackets', 'Investment in Assets', 'Financial Literacy', 'Obligatory Expenditure', 'EMI Payments', 'Loan Types', 'loan repayment', 'income', 'expenditure', 'credit', 'tiered cities', 'Lifestyle Purchases', 'City Tiers', 'E-commerce Market Growth', 'Average Amount Spent', 'Fashion Purchases', 'Personal Care Purchases', 'Transaction Frequency', 'High-income earners', 'Number of transactions', 'Salary brackets', 'Online Gaming', 'Fashion Expenditure', 'Personal Care Expenditure', 'Metro City vs. Tier 3 City', 'Smartphone Penetration', 'Monthly Transactions', 'Spending Behavior', 'Food Delivery', 'Food-Related Expenses', 'Entertainment Spending', 'Premiumization', 'Mobile Phone Usage', 'OTT Platforms', 'Consumer Behavior', 'Streaming Services', 'Liquor and Spirits Consumption', 'Disposable Income', 'Average Amount Spent on Liquor', 'Salary Bracket', 'City Tier', 'Midlevel Earners', 'Spirits-Related Expenses', 'Travel-related expenses', 'Spending amount', 'Public transport', 'Air travel', 'Train travel', 'Transportation Spending', 'Utility Expenses', 'Household Expenditures', 'LPG Consumption', 'Power Consumption', 'Consumer Spending Behaviour', 'Household Expenditure', 'Essential Services', 'Grocery and Household Items', 'Market Growth', 'Household Expense', 'Tier 1 City', 'Tier 2 City', 'Tier 3 City', 'Metro City', 'Rental Lifestyle', 'Maintenance Costs', 'Grocery Spending', 'E-commerce', 'House Rent', 'House Rent Expenditures', 'Health Insurance', 'Healthcare Expenditure', 'City Tier Differences', 'Out-of-Pocket Expenses', 'Health Insurance Penetration', 'Preventive Healthcare', 'Fuel Consumption', 'Transportation Costs', 'Education Expenses', 'Investment Behavior', 'Mutual Funds', 'Demat Accounts', 'Financial Planning', 'Investment in Indian Stock Market', 'Income Brackets and Investment Ratios', 'Financialization of Household Savings', 'Direct Equity Investment', 'Capital Market', 'Investment Percentage', 'Gold Investment', 'Mutual Fund', 'Jewellery Investment', 'Tier 2 City Spending', 'Average Monthly Spending', 'Investment Portfolio Diversification', 'Cash Deposits', 'Cash Withdrawals', 'Expenditure vs Salary', 'Digital Payment Methods', 'UPI Transactions', 'Payment Methods', 'Loan Payments', 'Credit Card Payments', 'Everyday Essentials', 'POS Transactions', 'Merchant Transactions', 'Payment Gateway', 'Transaction Volume', 'Obligatory Spending', 'Credit Card Payment', 'Loan Payment', 'Everyday Essential Purchases', 'Utility Payments', 'PG (Payment Gateway)', 'PO (Purchase Order)', 'ECS (Electronic Clearing Service)', 'IMPS (Immediate Payment Service)', 'Lifestyle Purchase', 'Fashion', 'Personal Care', 'Entertainment', 'Liquor and Spirits', 'POS (Point of Sale)', 'Liquor and Spirits Purchases', 'Merchant Discount Rate (MDR)', 'Online Payment', 'Physical Outlets', 'Household-related expenses', 'Grocery-related expenses', 'Fuel-related expenses', 'Percentage of total spending', 'Credit Access', 'Financial Inclusion', 'Buy Now Pay Later (BNPL)', 'Electric Vehicle (EV) Financing', 'Wealth Management', 'Loyalty Reward Programs', 'Cashback Benefits', 'Payment Gateway Solutions', 'Transaction Volume Increase', 'E-commerce Integration', 'Financial Services Product Cross-Selling', 'Access to Credit', 'Tailored Loan Products', 'Flexible EMI Options', 'Low Interest Rates', 'Employer Partnerships', 'Curated Credit Offerings', 'Rent Payment Solutions', 'EV Financing', 'Financial Planning Apps', 'Healthcare Ecosystem Partnerships', 'Insurance Products', 'Data-Driven Insights', 'Tech-Savvy Indian Consumers', 'BFSI (Banking', 'Financial Services', 'and Insurance) Industry', 'Perfios Software Platform', 'PwC', 'Financial Services', 'Technology Consulting', 'Fintech', 'Quality Assurance', 'Advisory Services', 'Tax Services', 'Professional Advice']"
107,-1,The future of quality in manufacturing,Transformation,Quality Management Systems,PWC Insights,"['Quality Evolution', 'Technological Integration', 'Customer-Centric Approach', 'Business Transformation', 'Stakeholder Engagement', 'Quality Management', 'Technological Innovation', 'Employee Engagement', 'Sustainability', 'Adaptability']","['Quality 50', 'Quality Management Systems', 'Industry 4.0', 'Data-Driven Approaches', 'Consumer Expectations', 'Data Management', 'Collaboration', 'Continuous Learning', 'Product Quality', 'Employee Satisfaction', 'Service Quality', 'Sustainability', 'Customer Experience', 'Data Quality', 'Real-time Quality Monitoring', 'Predictive Quality Analytics', 'Operational Success', 'Big Data', 'Cloud Solutions', 'Data Quality Assurance', 'Blockchain', 'Quality Control', 'Regulatory Compliance', 'Employee Wellbeing', 'Customer Loyalty', 'Quality Management', 'Quality Management System', 'Change Management', 'Data Infrastructure', 'Employee Buy-in', 'Technology Selection', 'Process Integration', 'Operational Efficiency', 'Training and Support', 'Stakeholder Collaboration', 'Innovation', 'Sustainable Quality Outcomes', 'Competitive Edge', 'Professional Advice', 'PricewaterhouseCoopers']"
110,2,Powering automation with agents,Technology,Robotic Process Automation,PWC Insights,"['Power Automation Agent', 'Artificial Intelligence', 'Intelligent Automation', 'Business Transformation', 'Efficiency and Productivity', 'Multi-Agent Systems', 'Workflow Orchestration', 'User-Centric Design', 'AI and Human Collaboration', 'Automation and Efficiency', 'Decision Making and Insight', 'Adaptability and Context Awareness']","['AI Technology', 'Large Language Models (LLMs)', 'Governance', 'Automation', 'Decision Making', 'GenAI', 'Agent', 'User Interaction', 'Feedback', 'AI Agents', 'Human Capability Augmentation', 'Repetitive Tasks', 'Emotional Intelligence', 'Ethical Decision Making', 'Agentic Workflow', 'AI Integration', 'Self-learning', 'Self-healing', 'Human Feedback', 'Process Improvement', 'Task Execution', 'Ethical Guidelines', 'Performance Analysis', 'Agent Orchestration', 'Efficiency', 'Workflow Management', 'Invoice Processing', 'Expense Reconciliation', 'Cash Flow Management', 'Demand Forecasting', 'Inventory Management', 'Supplier Onboarding', 'Lead Generation', 'Brand Monitoring', 'Sentiment Analysis', 'Background Verification', 'Job Description Creation', 'Candidate Sourcing', 'Employee Engagement', 'Disaster Recovery', 'Asset Management', 'SEO Optimization', 'Automation in Recruitment', 'Candidate Profile Screening', 'Job Description (JD) Creation', 'Recruiter Productivity', 'Talent Acquisition Process', 'Performance Management', 'Compliance and HR Administration', 'Self-service payroll benefit management', 'Personalized training recommendations', 'Interactive training sessions', 'HR agent capabilities', 'Automation and AI governance', 'Ethical considerations in AI', 'Data privacy and security', 'Regulatory compliance', 'Human-agent workforce management', 'Performance measurement of human-agent teams', 'Development Governance Model', 'Organisational Societal Risk', 'Continuous Innovation', 'Responsible AI Framework', 'Automation Solutions', 'Customer Experience', 'Risk Management', 'Professional Advice']"
114,-1,Deals at a glance: Annual review 2024,Economy and Growth,Market Trends,PWC Insights,"['Economic Growth', 'Investment Trends', 'Mergers and Acquisitions', 'Private Equity', 'Market Dynamics', 'Domestic Transactions', 'Market Trends', 'Investment in Technology', 'Healthcare Sector Growth', 'Private Equity Activity', 'Capital Investment', 'Initial Public Offerings (IPOs)', 'Sector Consolidation']","['Deal Volume', 'Transaction Value', 'Private Equity Investment', ""India's GDP Growth"", 'Foreign Direct Investment', 'Deal Value', 'Domestic Deals', 'Technology Sector', 'Healthcare Sector', 'Average Ticket Size', 'Quarterly Trends', 'Large Deals', 'Energy Sector', 'Entertainment Sector', 'Healthcare', 'Renewable Energy', 'Strategic Investments', 'Domestic Mergers', 'IPOs', 'Small and Medium Enterprises (SMEs)', 'Initial Public Offering (IPO)', 'Mainboard IPO', 'SME IPO', 'Investment in Real Estate', 'Private Credit', 'Nifty 50 Index', 'Global Investment Climate', 'Credit Growth', 'Market Trends', 'Insolvency and Bankruptcy Code (IBC)', 'National Company Law Tribunal (NCLT)', 'Insolvency Bankruptcy Board of India (IBBI)', 'Corporate Insolvency Resolution Process (CIRP)', 'Mediation in insolvency proceedings', 'Voluntary liquidation', 'Cross-border insolvency', 'Operational creditors', 'Human capacity gap in NCLT', 'Appointment of tribunal members', 'IBC (Insolvency and Bankruptcy Code)', 'GDP Growth', 'Investment Growth', 'Government Consumption', 'Private Final Consumption Expenditure (PFCE)', 'Gross Fixed Capital Formation (GFCF)', 'Gross Value Added (GVA)', 'Sectoral Growth Rates', 'Industrial Production Index (IIP)', 'Manufacturing Growth', 'Mining Growth', 'Electricity IIP', ""Purchasing Managers' Index (PMI)"", 'Passenger Vehicle Sales', 'Two-Wheeler Sales', 'Retail Sales', 'Consumer Price Index (CPI)', 'Wholesale Price Index (WPI)', 'Unemployment Rate', 'FMCG Growth', 'Petrol Consumption', 'Inflation', 'Domestic Traffic Growth', 'Corporate Deals', 'Megadeals', 'Private Equity (PE) Exit', 'Artificial Intelligence (AI)', 'Geopolitical Unpredictability', 'Interest Rates', 'Refinancing Challenges', 'Market Valuation', 'Investment Outlook for 2025', 'Professional Advice']"
